{
    "1": {
        "ids": ["09", "23", "25", "33", "44", "50"],
        "centroid": [890.6829248511684, 135.07302760394487]
    },
    "2": {
        "ids": ["34", "36", "72"],
        "centroid": [840.5735367111524, 153.76042881626563]
    },
    "3": {
        "ids": ["10", "11", "24", "42", "51", "54"],
        "centroid": [788.51241177497, 263.11060525062817]
    },
    "4": {
        "ids": ["01", "12", "13", "21", "28", "37", "45", "47"],
        "centroid": [715.2194733971903, 390.55467951373805]
    },
    "5": {
        "ids": ["17", "18", "26", "27", "39", "55"],
        "centroid": [615.1276660361605, 198.22980630203915]
    },
    "6": {
        "ids": ["05", "22", "35", "40", "48"],
        "centroid": [441.47793289942524, 470.63003337404155]
    },
    "7": {
        "ids": ["19", "20", "29", "31"],
        "centroid": [488.0727447010911, 280.99336307357237]
    },
    "8": {
        "ids": ["08", "30", "38", "46", "49", "56"],
        "centroid": [329.30716737467134, 197.64396374388036]
    },
    "9": { "ids": ["04", "06", "15", "32"], "centroid": [145.30716737467134, 128.64396374388036] },
    "10": { "ids": ["02", "16", "41", "53"], "centroid": [120.30716737467134, 266.64396374388036] }
}
